PRAGMA foreign_keys=OFF;
BEGIN TRANSACTION;
CREATE TABLE DbSettings (
 name TEXT PRIMARY KEY,
 value TEXT);
INSERT INTO "DbSettings" VALUES('LocaleName','C');
CREATE TABLE Addresses (
 detailId INTEGER PRIMARY KEY ASC REFERENCES Details (detailId),
 contactId INTEGER KEY ASC,
 street TEXT,
 postOfficeBox TEXT,
 region TEXT,
 locality TEXT,
 postCode TEXT,
 country TEXT,
 subTypes TEXT);
CREATE TABLE Anniversaries (
 detailId INTEGER PRIMARY KEY ASC REFERENCES Details (detailId),
 contactId INTEGER KEY,
 originalDateTime DATETIME,
 calendarId TEXT,
 subType TEXT,
 event TEXT);
CREATE TABLE Avatars (
 detailId INTEGER PRIMARY KEY ASC REFERENCES Details (detailId),
 contactId INTEGER KEY,
 imageUrl TEXT,
 videoUrl TEXT,
 avatarMetadata TEXT);
CREATE TABLE Birthdays (
 detailId INTEGER PRIMARY KEY ASC REFERENCES Details (detailId),
 contactId INTEGER KEY,
 birthday DATETIME,
 calendarId TEXT);
CREATE TABLE EmailAddresses (
 detailId INTEGER PRIMARY KEY ASC REFERENCES Details (detailId),
 contactId INTEGER KEY,
 emailAddress TEXT,
 lowerEmailAddress TEXT);
INSERT INTO "EmailAddresses" VALUES(18,11,'googledude@gosher.com','googledude@gosher.com');
INSERT INTO "EmailAddresses" VALUES(43,15,'googledude@gosher.com','googledude@gosher.com');
INSERT INTO "EmailAddresses" VALUES(47,12,'googledude@gosher.com','googledude@gosher.com');
INSERT INTO "EmailAddresses" VALUES(48,12,'googledude@gosher.com','googledude@gosher.com');
CREATE TABLE Families (
 detailId INTEGER PRIMARY KEY ASC REFERENCES Details (detailId),
 contactId INTEGER KEY,
 spouse TEXT,
 children TEXT);
CREATE TABLE GeoLocations (
 detailId INTEGER PRIMARY KEY ASC REFERENCES Details (detailId),
 contactId INTEGER KEY,
 label TEXT,
 latitude REAL,
 longitude REAL,
 accuracy REAL,
 altitude REAL,
 altitudeAccuracy REAL,
 heading REAL,
 speed REAL,
 timestamp DATETIME);
CREATE TABLE GlobalPresences (
 detailId INTEGER PRIMARY KEY ASC REFERENCES Details (detailId),
 contactId INTEGER KEY,
 presenceState INTEGER,
 timestamp DATETIME,
 nickname TEXT,
 customMessage TEXT,
 presenceStateText TEXT,
 presenceStateImageUrl TEXT);
CREATE TABLE Guids (
 detailId INTEGER PRIMARY KEY ASC REFERENCES Details (detailId),
 contactId INTEGER KEY,
 guid TEXT);
INSERT INTO "Guids" VALUES(1,3,'{f3e33997-14d9-415b-b277-31901c7617dd}');
INSERT INTO "Guids" VALUES(19,11,'{586f28ad-3b5b-4518-9416-2dd79a79f920}');
INSERT INTO "Guids" VALUES(44,15,'36:1d6beab588dc37fb');
CREATE TABLE Hobbies (
 detailId INTEGER PRIMARY KEY ASC REFERENCES Details (detailId),
 contactId INTEGER KEY,
 hobby TEXT);
CREATE TABLE Nicknames (
 detailId INTEGER PRIMARY KEY ASC REFERENCES Details (detailId),
 contactId INTEGER KEY,
 nickname TEXT,
 lowerNickname TEXT);
INSERT INTO "Nicknames" VALUES(2,3,'Local','local');
INSERT INTO "Nicknames" VALUES(4,4,'Local','local');
INSERT INTO "Nicknames" VALUES(20,11,'GoogleDudeLocalNickname','googledudelocalnickname');
INSERT INTO "Nicknames" VALUES(49,12,'GoogleDudeLocalNickname','googledudelocalnickname');
CREATE TABLE Notes (
 detailId INTEGER PRIMARY KEY ASC REFERENCES Details (detailId),
 contactId INTEGER KEY,
 note TEXT);
CREATE TABLE OnlineAccounts (
 detailId INTEGER PRIMARY KEY ASC REFERENCES Details (detailId),
 contactId INTEGER KEY,
 accountUri TEXT,
 lowerAccountUri TEXT,
 protocol TEXT,
 serviceProvider TEXT,
 capabilities TEXT,
 subTypes TEXT,
 accountPath TEXT,
 accountIconPath TEXT,
 enabled BOOL,
 accountDisplayName TEXT,
 serviceProviderDisplayName TEXT);
CREATE TABLE Organizations (
 detailId INTEGER PRIMARY KEY ASC REFERENCES Details (detailId),
 contactId INTEGER KEY,
 name TEXT,
 role TEXT,
 title TEXT,
 location TEXT,
 department TEXT,
 logoUrl TEXT,
 assistantName TEXT);
CREATE TABLE PhoneNumbers (
 detailId INTEGER PRIMARY KEY ASC REFERENCES Details (detailId),
 contactId INTEGER KEY,
 phoneNumber TEXT,
 subTypes TEXT,
 normalizedNumber TEXT);
INSERT INTO "PhoneNumbers" VALUES(3,3,'10101010101',NULL,'01010101');
INSERT INTO "PhoneNumbers" VALUES(5,4,'10101010101',NULL,'01010101');
INSERT INTO "PhoneNumbers" VALUES(45,15,'+61 431 518 888','0','31518888');
INSERT INTO "PhoneNumbers" VALUES(50,12,'+61 431 518 888','0','31518888');
CREATE TABLE Presences (
 detailId INTEGER PRIMARY KEY ASC REFERENCES Details (detailId),
 contactId INTEGER KEY,
 presenceState INTEGER,
 timestamp DATETIME,
 nickname TEXT,
 customMessage TEXT,
 presenceStateText TEXT,
 presenceStateImageUrl TEXT);
CREATE TABLE Ringtones (
 detailId INTEGER PRIMARY KEY ASC REFERENCES Details (detailId),
 contactId INTEGER KEY,
 audioRingtone TEXT,
 videoRingtone TEXT,
 vibrationRingtone TEXT);
CREATE TABLE Tags (
 detailId INTEGER PRIMARY KEY ASC REFERENCES Details (detailId),
 contactId INTEGER KEY,
 tag TEXT);
CREATE TABLE Urls (
 detailId INTEGER PRIMARY KEY ASC REFERENCES Details (detailId),
 contactId INTEGER KEY,
 url TEXT,
 subTypes TEXT);
CREATE TABLE OriginMetadata (
 detailId INTEGER PRIMARY KEY ASC REFERENCES Details (detailId),
 contactId INTEGER KEY,
 id TEXT,
 groupId TEXT,
 enabled BOOL);
INSERT INTO "OriginMetadata" VALUES(46,15,'"QHk6ezVSLit7I2A9XR9XFUgOQgE."',NULL,NULL);
CREATE TABLE ExtendedDetails (
 detailId INTEGER PRIMARY KEY ASC REFERENCES Details (detailId),
 contactId INTEGER KEY,
 name TEXT,
 data BLOB);
CREATE TABLE Details (
 detailId INTEGER PRIMARY KEY ASC AUTOINCREMENT,
 contactId INTEGER REFERENCES Contacts (contactId),
 detail TEXT,
 detailUri TEXT,
 linkedDetailUris TEXT,
 contexts TEXT,
 accessConstraints INTEGER,
 provenance TEXT,
 modifiable BOOL,
 nonexportable BOOL);
INSERT INTO "Details" VALUES(1,3,'Guid',NULL,NULL,NULL,0,NULL,NULL,NULL);
INSERT INTO "Details" VALUES(2,3,'Nickname',NULL,NULL,NULL,0,NULL,NULL,NULL);
INSERT INTO "Details" VALUES(3,3,'PhoneNumber',NULL,NULL,NULL,0,NULL,NULL,NULL);
INSERT INTO "Details" VALUES(4,4,'Nickname',NULL,NULL,NULL,0,'3:2:local',NULL,NULL);
INSERT INTO "Details" VALUES(5,4,'PhoneNumber',NULL,NULL,NULL,0,'3:3:local',NULL,NULL);
INSERT INTO "Details" VALUES(18,11,'EmailAddress',NULL,NULL,NULL,0,NULL,NULL,NULL);
INSERT INTO "Details" VALUES(19,11,'Guid',NULL,NULL,NULL,0,NULL,NULL,NULL);
INSERT INTO "Details" VALUES(20,11,'Nickname',NULL,NULL,NULL,0,NULL,NULL,NULL);
INSERT INTO "Details" VALUES(43,15,'EmailAddress',NULL,NULL,'Other',0,NULL,1,NULL);
INSERT INTO "Details" VALUES(44,15,'Guid',NULL,NULL,NULL,0,NULL,1,NULL);
INSERT INTO "Details" VALUES(45,15,'PhoneNumber',NULL,NULL,'Work',0,NULL,1,NULL);
INSERT INTO "Details" VALUES(46,15,'OriginMetadata',NULL,NULL,NULL,0,NULL,1,NULL);
INSERT INTO "Details" VALUES(47,12,'EmailAddress',NULL,NULL,NULL,0,'11:18:local',NULL,NULL);
INSERT INTO "Details" VALUES(48,12,'EmailAddress',NULL,NULL,'Other',0,'15:43:google',NULL,NULL);
INSERT INTO "Details" VALUES(49,12,'Nickname',NULL,NULL,NULL,0,'11:20:local',NULL,NULL);
INSERT INTO "Details" VALUES(50,12,'PhoneNumber',NULL,NULL,'Work',0,'15:45:google',NULL,NULL);
CREATE TABLE Identities (
 identity INTEGER PRIMARY KEY,
 contactId INTEGER KEY);
CREATE TABLE Relationships (
 firstId INTEGER NOT NULL,
 secondId INTEGER NOT NULL,
 type TEXT,
 PRIMARY KEY (firstId, secondId, type));
INSERT INTO "Relationships" VALUES(2,1,'Aggregates');
INSERT INTO "Relationships" VALUES(4,3,'Aggregates');
INSERT INTO "Relationships" VALUES(2,9,'Aggregates');
INSERT INTO "Relationships" VALUES(12,11,'Aggregates');
INSERT INTO "Relationships" VALUES(12,15,'Aggregates');
CREATE TABLE DeletedContacts (
 contactId INTEGER PRIMARY KEY,
 syncTarget TEXT,
 deleted DATETIME);
INSERT INTO "DeletedContacts" VALUES(5,'google','2018-11-23T01:27:52.209Z');
INSERT INTO "DeletedContacts" VALUES(6,'aggregate','2018-11-23T01:27:52.213Z');
INSERT INTO "DeletedContacts" VALUES(7,'google','2018-11-23T07:29:48.172Z');
INSERT INTO "DeletedContacts" VALUES(8,'aggregate','2018-11-23T07:29:48.175Z');
INSERT INTO "DeletedContacts" VALUES(10,'aggregate','2018-11-23T01:31:49.078Z');
INSERT INTO "DeletedContacts" VALUES(13,'google','2018-11-23T07:34:17.796Z');
INSERT INTO "DeletedContacts" VALUES(14,'google','2018-11-23T07:36:36.194Z');
CREATE TABLE OOB (
 name TEXT PRIMARY KEY,
 value BLOB,
 compressed INTEGER DEFAULT 0);
INSERT INTO "OOB" VALUES('export-:privilegedIds',X'00000338789CBD8F490A80301004EBE0770C2862A2AF71218AE082CBFFB1056F9E9D4393A96442D140020CEC5CF46CAC3A5B4D1727B5F860C4E936B2889E744CCC62F7D977CAAEB74914F5BB7E39A5C413A864EA7E3665E4667D824CCDCFA660D6C61BB4290C1CB985E306EBF399AB',1);
INSERT INTO "OOB" VALUES('export-:exportedIds',X'0000000400000060007100740063006F006E00740061006300740073003A006F00720067002E006E0065006D006F006D006F00620069006C0065002E0063006F006E00740061006300740073002E00730071006C006900740065003A003A00730071006C002D003400000060007100740063006F006E00740061006300740073003A006F00720067002E006E0065006D006F006D006F00620069006C0065002E0063006F006E00740061006300740073002E00730071006C006900740065003A003A00730071006C002D003800000060007100740063006F006E00740061006300740073003A006F00720067002E006E0065006D006F006D006F00620069006C0065002E0063006F006E00740061006300740073002E00730071006C006900740065003A003A00730071006C002D003200000062007100740063006F006E00740061006300740073003A006F00720067002E006E0065006D006F006D006F00620069006C0065002E0063006F006E00740061006300740073002E00730071006C006900740065003A003A00730071006C002D00310032',0);
INSERT INTO "OOB" VALUES('export-:avatarPaths',X'0000000300000060007100740063006F006E00740061006300740073003A006F00720067002E006E0065006D006F006D006F00620069006C0065002E0063006F006E00740061006300740073002E00730071006C006900740065003A003A00730071006C002D00320000000000000062007100740063006F006E00740061006300740073003A006F00720067002E006E0065006D006F006D006F00620069006C0065002E0063006F006E00740061006300740073002E00730071006C006900740065003A003A00730071006C002D003100320000000000000060007100740063006F006E00740061006300740073003A006F00720067002E006E0065006D006F006D006F00620069006C0065002E0063006F006E00740061006300740073002E00730071006C006900740065003A003A00730071006C002D003400000000',0);
INSERT INTO "OOB" VALUES('google-36:contactAvatars',X'71626A73010000000C000000010000000C000000',0);
INSERT INTO "OOB" VALUES('google-36:contactEtags',X'71626A73010000004C00000003000000480000001B050000130033363A316436626561623538386463333766620000001E002251486B36657A56534C69743749324139585239584655674F5167452E220C000000',0);
INSERT INTO "OOB" VALUES('google-36:contactIds',X'71626A730100000060000000030000005C0000001B050000130033363A3164366265616235383864633337666200000031007174636F6E74616374733A6F72672E6E656D6F6D6F62696C652E636F6E74616374732E73716C6974653A3A73716C2D3135000C000000',0);
INSERT INTO "OOB" VALUES('google-36:myContactsGroupAtomId','http://www.google.com/m8/feeds/groups/jollamobiletestau%40gmail.com/base/6',0);
INSERT INTO "OOB" VALUES('google-36:unsupportedElements',X'00000380789CCD934B4EC33014458D10A32221541610A56242A5BAD00F519576C2080926ECC0495E1CB7761C62576DD9021B60C632D81ECF09458141E810C9F2953FEFFA5C5B7E8E96E68810B23D26041BB1D85D9C10D225A3E9EC3A9946C0A2491024F1E8368D70FD01D74F51C7A82F248C9905AECB9D67E20C14CCFDCCDA624669356466C0B5E61206B15694D39BE170D25B893CF13D0BA56ADB1CEBDCB2D8BA92A0F735F01721DD9FB73823A1155602CED58A4C1F2494225F7925C803BC4D654E7173AFC8B4D508B52B3081508C03BDF2BDAC84B4F63168B4D96C9A262AA029406268556BA8824430BAD45232A52321C182B16C7D391E72C584AC6A7E5FA70BE4801DFB5B93DD804CF738AC28A4C0D842E79459ADFA5B250F65FB4EDACE95AEA56C83FBC18639ED3F627B2721BFABAD66BCD4EBE2115404A5C944719FA7DA4BC0D926733F65D24013AE85AD32FA8B2C6206E8D4A1B401B8B77DC50FD63947EDA2F65171B2F354FFA34FBA662486',1);
INSERT INTO "OOB" VALUES('google-36:definitelyDownloadedAdditions',NULL,0);
INSERT INTO "OOB" VALUES('google-36:exportedIds',X'0000000100000060007100740063006F006E00740061006300740073003A006F00720067002E006E0065006D006F006D006F00620069006C0065002E0063006F006E00740061006300740073002E00730071006C006900740065003A003A00730071006C002D0033',0);
INSERT INTO "OOB" VALUES('google-36:localSince','2018-11-23T07:36:38.792',0);
INSERT INTO "OOB" VALUES('google-36:possiblyUploadedAdditions',NULL,0);
INSERT INTO "OOB" VALUES('google-36:prevRemote',X'000006A1789CB5544B2F035114FE5A425485D05449884858104DA7D5874684C4331182104B7DA1D147686D6C6D9AF01B2C6CFD133FC896EF9E99E95C6D271E6126F771EE797CDF3DE7DE0BC0EB0190C535EAC8A18A0AC70C6775D490A67C830B84B95A4099926A591451A21C6EB30FB35D5357A454A077DA921760204E14BF821A67F3B2A939ACB9290D6A2B5D6C3E25F8B145941A2E19F1C6321445401455D25364D6718B3C0A4D6D4780BE168DC79C8E69864A1E32C599FB3DCF53FED56B69B5D5E7E18664ADC7711C79B09183DCACC1AD1B48B12F91618E092A59A6623247D20EF5BC491DABB26AEFD4CC6E59E3D319268A881B4CB85386B0DB34DD63A172B86209332CACE46ED44ABD03F5CE4F0FEAD7B9EB49E8A6CBA364D0A3F30C49EDD358448CBDBE6F8C34C48B5FFFC16EB1565F2E56EA2B767DBC3AE80F133660F9767D4569B1959203394BBE0929639E6396CA0CFB388B9AE24A8EDA24CE91557013DF854BB8C32D631A07D866351254DCE10447AC94BA4849ECB0C86B58C2290EA5DFC43103ECD3FE021BDCF7B42211B0A2F57C4522FEA332D8A5F099572026610CC982FAC5C0D5D9FEC47912F3DC9B8129390A6A34034D354389CFD93FBF443162F4FEE21D0A6917E7339AF626B91AFDF1BB84FDB797F67749565D1F8C61B98051B7C7C2E750D78F53777B88584B08ED78445851BDB91F8F4F4723D8E2E6B8E3035A3FB25D',1);
INSERT INTO "OOB" VALUES('google-36:remoteSince','2018-11-23T07:36:36.513',0);
INSERT INTO "OOB" VALUES('export-:definitelyDownloadedAdditions',NULL,0);
INSERT INTO "OOB" VALUES('export-:localSince','2018-11-23T07:36:38.792',0);
INSERT INTO "OOB" VALUES('export-:possiblyUploadedAdditions',NULL,0);
INSERT INTO "OOB" VALUES('export-:prevRemote',X'000007BD789CC554CB4AC340143D49AC60152CB568755182E046B1D89748117121885014C10FB0B6A5066B4B1F7E819B82FFE0C2ADF8237E906BCF4C32C9982615056DC374E6DE3BF7DCB94F009601E01A7D8CD0400F5DEE759E4618A24A7A8036F2E4B6704F4AAC1B38E890CE4FDCCF73F5297348B5A85DF5E85D946923290C6D70995CE20CEFEC52098FA32449F157448D361AB4D00959B3E324427F5943B714563616CB353AFD92B8B116F5C434E56D7E03BADCE699AEFB68918E2E8424867BCC796F556C150F1882B3AEC1083AE5925B8FE7B8F878353D6988AB5D148A2B4FC19B4B4C4E91ABE37BABB9940C822020329E6C6E12A21482309538853D14BE2CF9EE3909B478597386A343A73B3A82F6938AAB21B5401DFF51A845DA989F5EA8B3A9027C530557CB6F1155503F734CA57CF3C7A12BC8E02DFDA2CB37714A2B3DBE42D83CC1039ADC6DC91DE296E7416C572FE9B7A07572260A7476F9B3A6E7CF786EBE4FE6CF78498F6517CF078A410B8A56293001051CC475F2369D0982D0F4227B2CB92A666E8EEF7533966E264B03151A28CB6ED7F1B0328E6969C38FD5EF1E1239B594BF450E84187FF39195148CF473D66D0377ACE83AEBBCA54FB744B4CF951FF9ACFCF6666049C288FCB85FFC0C54F5E27B92C30EF6A96ACBB88BDD05B27D287C0227C6C46C',1);
INSERT INTO "OOB" VALUES('export-:remoteSince','2018-11-23T07:36:48.444',0);
ANALYZE sqlite_master;
INSERT INTO "sqlite_stat1" VALUES('Details','DetailsRemoveIndex','25000 6 2');
INSERT INTO "sqlite_stat1" VALUES('Presences','PresencesDetailsContactIdIndex','1000 2');
INSERT INTO "sqlite_stat1" VALUES('OnlineAccounts','OnlineAccountsIndex','1000 3');
INSERT INTO "sqlite_stat1" VALUES('OnlineAccounts','OnlineAccountsDetailsContactIdIndex','1000 2');
INSERT INTO "sqlite_stat1" VALUES('Nicknames','NicknamesIndex','2000 4');
INSERT INTO "sqlite_stat1" VALUES('Nicknames','NicknamesDetailsContactIdIndex','2000 2');
INSERT INTO "sqlite_stat1" VALUES('Urls','UrlsDetailsContactIdIndex','1500 2');
INSERT INTO "sqlite_stat1" VALUES('Guids','GuidsDetailsContactIdIndex','3000 2');
INSERT INTO "sqlite_stat1" VALUES('OriginMetadata','OriginMetadataGroupIdIndex','2500 500');
INSERT INTO "sqlite_stat1" VALUES('OriginMetadata','OriginMetadataIdIndex','2500 6');
INSERT INTO "sqlite_stat1" VALUES('OriginMetadata','OriginMetadataDetailsContactIdIndex','2500 1');
INSERT INTO "sqlite_stat1" VALUES('GlobalPresences','GlobalPresencesDetailsContactIdIndex','500 1');
INSERT INTO "sqlite_stat1" VALUES('Contacts','ContactsTypeIndex','5000 5000');
INSERT INTO "sqlite_stat1" VALUES('Contacts','ContactsModifiedIndex','5000 3');
INSERT INTO "sqlite_stat1" VALUES('Contacts','ContactsLastNameIndex','5000 7');
INSERT INTO "sqlite_stat1" VALUES('Contacts','ContactsFirstNameIndex','5000 6');
INSERT INTO "sqlite_stat1" VALUES('Birthdays','BirthdaysDetailsContactIdIndex','500 1');
INSERT INTO "sqlite_stat1" VALUES('PhoneNumbers','PhoneNumbersIndex','4500 7');
INSERT INTO "sqlite_stat1" VALUES('PhoneNumbers','PhoneNumbersDetailsContactIdIndex','4500 3');
INSERT INTO "sqlite_stat1" VALUES('Notes','NotesDetailsContactIdIndex','2000 2');
INSERT INTO "sqlite_stat1" VALUES('Relationships','RelationshipsSecondIdIndex','3000 2');
INSERT INTO "sqlite_stat1" VALUES('Relationships','RelationshipsFirstIdIndex','3000 2');
INSERT INTO "sqlite_stat1" VALUES('Relationships','sqlite_autoindex_Relationships_1','3000 2 2 1');
INSERT INTO "sqlite_stat1" VALUES('Avatars','AvatarsDetailsContactIdIndex','3000 3');
INSERT INTO "sqlite_stat1" VALUES('DeletedContacts','DeletedContactsDeletedIndex','6000 2');
INSERT INTO "sqlite_stat1" VALUES('Organizations','OrganizationsDetailsContactIdIndex','500 2');
INSERT INTO "sqlite_stat1" VALUES('EmailAddresses','EmailAddressesIndex','4000 5');
INSERT INTO "sqlite_stat1" VALUES('EmailAddresses','EmailAddressesDetailsContactIdIndex','4000 2');
INSERT INTO "sqlite_stat1" VALUES('Addresses','AddressesDetailsContactIdIndex','500 2');
INSERT INTO "sqlite_stat1" VALUES('OOB','sqlite_autoindex_OOB_1','29 1');
CREATE TABLE Collections (
 collectionId INTEGER PRIMARY KEY ASC AUTOINCREMENT,
 isDefault BOOL DEFAULT 0,
 isReadOnly BOOL DEFAULT 0,
 name TEXT,
 description TEXT,
 color INT,
 secondaryColor INT,
 image TEXT,
 syncTarget TEXT,
 extended BLOB);
INSERT INTO "Collections" VALUES(1,1,0,NULL,NULL,NULL,NULL,NULL,'local',NULL);
INSERT INTO "Collections" VALUES(2,0,1,NULL,NULL,NULL,NULL,NULL,'aggregate',NULL);
INSERT INTO "Collections" VALUES(3,0,0,NULL,NULL,NULL,NULL,NULL,'google',NULL);
INSERT INTO "Collections" VALUES(4,0,0,NULL,NULL,NULL,NULL,NULL,'telepathy',NULL);
CREATE TABLE Contacts (
 contactId INTEGER PRIMARY KEY ASC AUTOINCREMENT,
 collectionId INTEGER KEY ASC REFERENCES Collections (collectionId),
 displayLabel TEXT,
 displayLabelGroup TEXT,
 displayLabelGroupSortOrder INTEGER,
 firstName TEXT,
 lowerFirstName TEXT,
 lastName TEXT,
 lowerLastName TEXT,
 middleName TEXT,
 prefix TEXT,
 suffix TEXT,
 customLabel TEXT,
 created DATETIME,
 modified DATETIME,
 gender TEXT,
 isFavorite BOOL,
 hasPhoneNumber BOOL DEFAULT 0,
 hasEmailAddress BOOL DEFAULT 0,
 hasOnlineAccount BOOL DEFAULT 0,
 isOnline BOOL DEFAULT 0,
 isDeactivated BOOL DEFAULT 0,
 isIncidental BOOL DEFAULT 0,
 type INTEGER DEFAULT 0);
INSERT INTO "Contacts" VALUES(1,1,'','?',26,'','','','','','','','','','','',0,0,0,0,0,0,0,0);
INSERT INTO "Contacts" VALUES(2,2,NULL,'?',26,NULL,NULL,NULL,NULL,NULL,NULL,NULL,NULL,'2018-11-23T01:31:49.037','2018-11-23T01:46:15.785','0',0,0,0,0,0,0,0,0);
INSERT INTO "Contacts" VALUES(3,1,'Localcontact Localcontact','L',11,'Localcontact','localcontact','Localcontact','localcontact',NULL,NULL,NULL,NULL,'2018-11-23T01:27:20.491','2018-11-23T01:27:20.491','0',0,1,0,0,0,0,0,0);
INSERT INTO "Contacts" VALUES(4,2,'Localcontact Localcontact','L',11,'Localcontact','localcontact','Localcontact','localcontact',NULL,NULL,NULL,NULL,'2018-11-23T01:27:20.491','2018-11-23T01:27:20.491','0',0,1,0,0,0,0,0,0);
INSERT INTO "Contacts" VALUES(9,4,NULL,'?',26,NULL,NULL,NULL,NULL,NULL,NULL,NULL,NULL,'2018-11-23T01:31:49.037','2018-11-23T01:46:15.785','0',0,0,0,0,0,0,0,0);
INSERT INTO "Contacts" VALUES(11,1,'GoogleDude Gosher','G',6,'GoogleDude','googledude','Gosher','gosher',NULL,NULL,NULL,NULL,'2018-11-23T07:32:37.706','2018-11-23T07:32:37.706','0',0,0,1,0,0,0,0,0);
INSERT INTO "Contacts" VALUES(12,2,'GoogleDude Gosher','G',6,'GoogleDude','googledude','Gosher','gosher',NULL,NULL,NULL,NULL,'2018-11-23T07:32:37.706','2018-11-23T07:36:38.792','0',0,1,1,0,0,0,0,0);
INSERT INTO "Contacts" VALUES(15,3,'GoogleDude Gosher','G',6,'GoogleDude','googledude','Gosher','gosher',NULL,NULL,NULL,NULL,'2018-11-23T07:36:38.792','2018-11-23T07:36:38.792','0',0,1,1,0,0,0,0,0);
DELETE FROM sqlite_sequence;
INSERT INTO "sqlite_sequence" VALUES('Details',50);
INSERT INTO "sqlite_sequence" VALUES('Collections',4);
INSERT INTO "sqlite_sequence" VALUES('Contacts',15);
CREATE INDEX DetailsRemoveIndex ON Details(contactId, detail);
CREATE INDEX AddressesDetailsContactIdIndex ON Addresses(contactId);
CREATE INDEX AnniversariesDetailsContactIdIndex ON Anniversaries(contactId);
CREATE INDEX AvatarsDetailsContactIdIndex ON Avatars(contactId);
CREATE INDEX BirthdaysDetailsContactIdIndex ON Birthdays(contactId);
CREATE INDEX EmailAddressesDetailsContactIdIndex ON EmailAddresses(contactId);
CREATE INDEX FamiliesDetailsContactIdIndex ON Families(contactId);
CREATE INDEX GeoLocationsDetailsContactIdIndex ON GeoLocations(contactId);
CREATE INDEX GlobalPresencesDetailsContactIdIndex ON GlobalPresences(contactId);
CREATE INDEX GuidsDetailsContactIdIndex ON Guids(contactId);
CREATE INDEX HobbiesDetailsContactIdIndex ON Hobbies(contactId);
CREATE INDEX NicknamesDetailsContactIdIndex ON Nicknames(contactId);
CREATE INDEX NotesDetailsContactIdIndex ON Notes(contactId);
CREATE INDEX OnlineAccountsDetailsContactIdIndex ON OnlineAccounts(contactId);
CREATE INDEX OrganizationsDetailsContactIdIndex ON Organizations(contactId);
CREATE INDEX PhoneNumbersDetailsContactIdIndex ON PhoneNumbers(contactId);
CREATE INDEX PresencesDetailsContactIdIndex ON Presences(contactId);
CREATE INDEX RingtonesDetailsContactIdIndex ON Ringtones(contactId);
CREATE INDEX TagsDetailsContactIdIndex ON Tags(contactId);
CREATE INDEX UrlsDetailsContactIdIndex ON Urls(contactId);
CREATE INDEX OriginMetadataDetailsContactIdIndex ON OriginMetadata(contactId);
CREATE INDEX ExtendedDetailsContactIdIndex ON ExtendedDetails(contactId);
CREATE INDEX RelationshipsFirstIdIndex ON Relationships(firstId);
CREATE INDEX RelationshipsSecondIdIndex ON Relationships(secondId);
CREATE INDEX DeletedContactsDeletedIndex ON DeletedContacts(deleted);
CREATE INDEX PhoneNumbersIndex ON PhoneNumbers(normalizedNumber);
CREATE INDEX EmailAddressesIndex ON EmailAddresses(lowerEmailAddress);
CREATE INDEX OnlineAccountsIndex ON OnlineAccounts(lowerAccountUri);
CREATE INDEX NicknamesIndex ON Nicknames(lowerNickname);
CREATE INDEX OriginMetadataIdIndex ON OriginMetadata(id);
CREATE INDEX OriginMetadataGroupIdIndex ON OriginMetadata(groupId);
CREATE TRIGGER RemoveCollection
 BEFORE DELETE
 ON Collections
 BEGIN
  DELETE FROM Contacts WHERE collectionId = old.collectionId;
 END;
CREATE INDEX CollectionIndex ON Contacts(collectionId, contactId);
COMMIT;
